material_id,category,supplier,eng_crit,lead_time_days,unit_cost,stock_qty,daily_consumption,coverage_days,annual_value,score,risk_flag,risk_score,abc_class,xyz_class,suggest_qty
MP-AMN-0204,N/A,N/A,5,31,370.43,111,145,0.7655172413793103,19605007.75,0.8203377374941314,1,0.8203377374941314,A,Z,4717.0
MP-H2SO4-0161,N/A,N/A,4,48,287.23,66,156,0.4230769230769231,16354876.200000001,0.7794174858761798,1,0.7794174858761798,A,Z,7868.0
MP-AMN-0306,N/A,N/A,5,42,173.94,74,126,0.5873015873015873,7999500.6,0.7770263142352567,1,0.7770263142352567,A,Z,5555.0
IP-ADP-0385,N/A,N/A,5,36,215.39,53,60,0.8833333333333333,4717040.999999999,0.753260663715477,1,0.753260663715477,A,Y,2256.0
MP-URE-0394,N/A,N/A,4,60,140.25,64,93,0.6881720430107527,4760786.25,0.7443177936508931,1,0.7443177936508931,A,Z,5813.0
MP-AMN-0154,N/A,N/A,4,49,213.17,63,125,0.504,9725881.249999998,0.7389627371252101,1,0.7389627371252101,A,Z,6423.0
MP-H2SO4-0228,N/A,N/A,4,40,297.81,75,137,0.5474452554744526,14891989.049999999,0.7377802210927991,1,0.7377802210927991,A,Z,5762.0
MP-DAP-0360,N/A,N/A,5,22,257.59,15,32,0.46875,3008651.1999999997,0.7282587988966585,1,0.7282587988966585,B,Y,751.0
MP-URE-0164,N/A,N/A,5,34,152.44,84,129,0.6511627906976745,7177637.399999999,0.7209110219817306,1,0.7209110219817306,A,Z,4612.0
MP-H2SO4-0018,N/A,N/A,5,27,217.76,70,103,0.6796116504854369,8186687.199999999,0.7200010417668359,1,0.7200010417668359,A,Z,2932.0
MP-MAP-0046,N/A,N/A,5,29,200.36,103,143,0.7202797202797203,10457790.200000001,0.7182819887565914,1,0.7182819887565914,A,Z,4362.0
MP-KCL-0039,N/A,N/A,4,37,273.49,84,195,0.4307692307692308,19465650.75,0.7154386094620903,1,0.7154386094620903,A,Z,7620.0
MP-NH3-0233,N/A,N/A,5,23,222.49,39,79,0.4936708860759494,6415499.15,0.7124982025000285,1,0.7124982025000285,A,Z,1934.0
MP-URE-0054,N/A,N/A,5,25,183.24,50,129,0.3875968992248062,8627855.4,0.7067135276094971,1,0.7067135276094971,A,Z,3441.0
MP-H2SO4-0380,N/A,N/A,4,55,141.98,91,93,0.978494623655914,4819511.1,0.7039100843215527,1,0.7039100843215527,A,Z,5309.0
MP-NH3-0138,N/A,N/A,5,31,119.0,53,149,0.35570469798657717,6471815.0,0.7033271477886837,1,0.7033271477886837,A,Z,4908.0
IP-FLX-0344,N/A,N/A,5,36,146.66,39,35,1.1142857142857143,1873581.5,0.7024394334120856,1,0.7024394334120856,B,Y,1308.0
MP-KCL-0309,N/A,N/A,4,44,167.34,41,140,0.29285714285714287,8551074.0,0.6997038231525762,1,0.6997038231525762,A,Z,6502.0
IP-FLX-0319,N/A,N/A,4,47,210.27,42,41,1.024390243902439,3146690.5500000003,0.6986052480989559,1,0.6986052480989559,B,Y,2001.0
IP-FLX-0118,N/A,N/A,5,32,145.37,33,36,0.9166666666666666,1910161.8,0.692237488028299,1,0.692237488028299,B,Y,1203.0
MP-AMN-0029,N/A,N/A,4,33,272.22,78,158,0.4936708860759494,15698927.4,0.6909404774287036,1,0.6909404774287036,A,Z,5510.0
MP-MAP-0152,N/A,N/A,4,35,256.29,60,106,0.5660377358490566,9915860.100000001,0.6882962821477276,1,0.6882962821477276,A,Z,3909.0
MP-MAP-0289,N/A,N/A,5,30,136.83,149,198,0.7525252525252525,9888704.100000001,0.6863435358364317,1,0.6863435358364317,A,Z,6238.0
IP-FLX-0101,N/A,N/A,5,20,215.48,22,28,0.7857142857142857,2202205.6,0.677315717918882,1,0.677315717918882,B,Y,590.0
MP-KCL-0055,N/A,N/A,4,36,239.62,52,75,0.6933333333333334,6559597.5,0.6771401416887357,1,0.6771401416887357,A,Z,2834.0
SB-BOM-0108,N/A,N/A,5,32,145.51,44,35,1.2571428571428571,1858890.2499999998,0.6736168904239499,1,0.6736168904239499,B,Y,1158.0
IP-ADP-0053,N/A,N/A,5,29,140.78,73,75,0.9733333333333334,3853852.5,0.6713242710818349,1,0.6713242710818349,A,Z,2269.0
MP-AMN-0116,N/A,N/A,4,34,230.78,65,96,0.6770833333333334,8086531.199999999,0.6629578161360594,1,0.6629578161360594,A,Z,3430.0
MP-KCL-0135,N/A,N/A,4,28,265.42,65,117,0.5555555555555556,11334761.1,0.6583448934922427,1,0.6583448934922427,A,Z,3466.0
MP-DAP-0398,N/A,N/A,3,47,284.17,122,175,0.6971428571428572,18151358.75,0.6575836062937298,1,0.6575836062937298,A,Z,8598.0
MP-MAP-0038,N/A,N/A,3,60,149.26,107,175,0.6114285714285714,9533982.499999998,0.6535319779698475,1,0.6535319779698475,A,Z,10952.0
IP-ANT-0208,N/A,N/A,5,26,144.54,70,63,1.1111111111111112,3323697.3,0.6505899460802127,1,0.6505899460802127,B,Y,1701.0
MP-URE-0234,N/A,N/A,3,46,248.32,41,110,0.37272727272727274,9970048.0,0.6504222205365553,1,0.6504222205365553,A,Z,5327.0
MP-KCL-0194,N/A,N/A,4,19,306.74,46,143,0.32167832167832167,16010294.3,0.6483544283573273,1,0.6483544283573273,A,Z,2928.0
IP-FLX-0294,N/A,N/A,5,28,116.23,54,48,1.125,2036349.6,0.6442876729172637,1,0.6442876729172637,B,Y,1395.0
IP-CAT-0349,N/A,N/A,5,23,159.22,90,80,1.125,4649224.0,0.6427187841558643,1,0.6427187841558643,A,Z,1908.0
MP-DAP-0006,N/A,N/A,3,43,247.71,18,62,0.2903225806451613,5605677.300000001,0.6393550022421249,1,0.6393550022421249,A,Y,2816.0
MP-URE-0241,N/A,N/A,3,54,181.82,86,117,0.7350427350427351,7764623.100000001,0.6343021651959241,1,0.6343021651959241,A,Z,6587.0
SB-BOM-0295,N/A,N/A,5,26,101.82,1,1,1.0,37164.299999999996,0.6329869307181227,1,0.6329869307181227,C,X,27.0
MP-URE-0259,N/A,N/A,4,28,198.55,32,81,0.3950617283950617,5870130.75,0.6300532194268654,1,0.6300532194268654,A,Z,2413.0
SB-BOM-0379,N/A,N/A,5,26,145.58,36,24,1.5,1275280.8,0.6298100218074091,1,0.6298100218074091,B,X,638.0
MP-KCL-0084,N/A,N/A,4,24,249.3,49,83,0.5903614457831325,7552543.5,0.6271495680170992,1,0.6271495680170992,A,Z,2111.0
MP-URE-0117,N/A,N/A,4,30,187.6,79,150,0.5266666666666666,10271100.0,0.6269191508390212,1,0.6269191508390212,A,Z,4760.0
MP-KCL-0036,N/A,N/A,3,35,314.03,40,89,0.449438202247191,10201264.549999999,0.626739207522019,1,0.626739207522019,A,Z,3292.0
SB-BOM-0174,N/A,N/A,5,19,203.45,52,34,1.5294117647058822,2524814.5,0.6247132096347032,1,0.6247132096347032,B,Y,655.0
MP-H2SO4-0260,N/A,N/A,3,35,311.16,53,112,0.4732142857142857,12720220.8,0.6238409295494175,1,0.6238409295494175,A,Z,4140.0
MP-NH3-0214,N/A,N/A,3,43,241.42,56,109,0.5137614678899083,9604894.7,0.6235939026022939,1,0.6235939026022939,A,Z,4926.0
MP-KCL-0173,N/A,N/A,3,44,268.66,95,107,0.8878504672897196,10492516.3,0.6232496954030923,1,0.6232496954030923,A,Z,4906.0
MP-H2SO4-0350,N/A,N/A,3,41,267.04,59,93,0.6344086021505376,9064672.8,0.6210150604917438,1,0.6210150604917438,A,Z,4000.0
MP-MAP-0375,N/A,N/A,4,21,242.75,19,49,0.3877551020408163,4341583.75,0.6193875249337634,1,0.6193875249337634,A,Y,1103.0
IP-ADP-0267,N/A,N/A,4,42,124.58,62,54,1.1481481481481481,2455471.8,0.6188362174404968,1,0.6188362174404968,B,Y,2350.0
MP-KCL-0086,N/A,N/A,3,44,208.04,50,137,0.36496350364963503,10403040.2,0.6183280192822234,1,0.6183280192822234,A,Z,6353.0
MP-H2SO4-0200,N/A,N/A,4,36,170.04,141,127,1.110236220472441,7882204.2,0.6156352165379169,1,0.6156352165379169,A,Z,4745.0
MP-MAP-0222,N/A,N/A,4,29,169.25,40,86,0.46511627906976744,5312757.5,0.6150323490064508,1,0.6150323490064508,A,Z,2645.0
MP-KCL-0271,N/A,N/A,3,41,214.32,18,72,0.25,5632329.600000001,0.6128720780334027,1,0.6128720780334027,A,Z,3124.0
SB-BOM-0274,N/A,N/A,5,23,89.29,1,1,1.0,32590.850000000002,0.6107798870598182,1,0.6107798870598182,C,X,24.0
MP-NH3-0083,N/A,N/A,3,29,320.76,38,144,0.2638888888888889,16859145.599999998,0.6101551645420699,1,0.6101551645420699,A,Z,4458.0
MP-KCL-0240,N/A,N/A,4,31,126.19,56,148,0.3783783783783784,6816783.8,0.6060716328600618,1,0.6060716328600618,A,Z,4872.0
MP-NH3-0089,N/A,N/A,3,34,276.62,19,52,0.36538461538461536,5250247.600000001,0.6055119809860295,1,0.6055119809860295,A,Y,1874.0
MP-H2SO4-0003,N/A,N/A,4,31,150.38,57,89,0.6404494382022472,4885094.3,0.6051020618372324,1,0.6051020618372324,A,Z,2906.0
MP-DAP-0205,N/A,N/A,3,55,112.82,59,85,0.6941176470588235,3500240.4999999995,0.6033468353612206,1,0.6033468353612206,A,Z,4876.0
MP-MAP-0381,N/A,N/A,3,34,287.5,73,139,0.5251798561151079,14586312.5,0.602773574021068,1,0.602773574021068,A,Z,4987.0
SB-ROL-0230,N/A,N/A,5,20,145.91,77,52,1.4807692307692308,2769371.8000000003,0.6005407778593713,1,0.6005407778593713,B,Y,1059.0
MP-NH3-0066,N/A,N/A,3,39,245.87,46,71,0.647887323943662,6371721.05,0.5983582642041463,1,0.5983582642041463,A,Z,2906.0
MP-KCL-0238,N/A,N/A,3,53,136.97,105,119,0.8823529411764706,5949291.95,0.5962404921041875,1,0.5962404921041875,A,Z,6559.0
IP-FLX-0012,N/A,N/A,4,28,171.44,44,59,0.7457627118644068,3691960.4,0.5957502684056709,1,0.5957502684056709,A,Y,1737.0
SB-AGI-0094,N/A,N/A,5,17,115.65,1,1,1.0,42212.25,0.5948983858209496,1,0.5948983858209496,C,X,18.0
MP-KCL-0059,N/A,N/A,3,30,303.73,91,152,0.5986842105263158,16850940.400000002,0.5874037860326553,1,0.5874037860326553,A,Z,4812.0
MP-MAP-0186,N/A,N/A,3,37,195.63,51,171,0.2982456140350877,12210246.45,0.5795125949544315,1,0.5795125949544315,A,Z,6705.0
IP-CAT-0050,N/A,N/A,4,23,237.49,124,99,1.2525252525252526,8581701.15,0.5791468050274864,1,0.5791468050274864,A,Z,2349.0
MP-AMN-0153,N/A,N/A,3,38,172.96,32,130,0.24615384615384617,8206952.0,0.5748786991062993,1,0.5748786991062993,A,Z,5239.0
IP-FLX-0291,N/A,N/A,5,5,185.46,54,52,1.0384615384615385,3520030.8000000003,0.5705062687005124,1,0.5705062687005124,A,Y,254.0
SB-VAL-0207,N/A,N/A,4,32,111.29,1,1,1.0,40620.850000000006,0.5687502397976262,1,0.5687502397976262,C,X,33.0
MP-DAP-0331,N/A,N/A,3,32,250.35,93,154,0.6038961038961039,14072173.5,0.5676668747261081,1,0.5676668747261081,A,Z,5194.0
MP-MAP-0008,N/A,N/A,4,13,258.29,105,139,0.7553956834532374,13104343.15,0.5671424949270285,1,0.5671424949270285,A,Z,1909.0
IP-CAT-0396,N/A,N/A,4,30,145.33,54,44,1.2272727272727273,2333999.8000000003,0.5649879269720276,1,0.5649879269720276,B,Y,1365.0
MP-AMN-0315,N/A,N/A,3,39,177.56,67,118,0.5677966101694916,7647509.2,0.5648519637372104,1,0.5648519637372104,A,Z,4839.0
MP-AMN-0353,N/A,N/A,3,28,284.45,34,50,0.68,5191212.5,0.5620702587675891,1,0.5620702587675891,A,Y,1475.0
SB-VAL-0119,N/A,N/A,5,19,65.74,36,28,1.2857142857142858,671862.7999999999,0.561682312836223,1,0.561682312836223,C,Y,546.0
MP-H2SO4-0354,N/A,N/A,3,32,227.05,51,100,0.51,8287325.0,0.5598944625679693,1,0.5598944625679693,A,Z,3382.0
SB-AGI-0323,N/A,N/A,5,21,60.5,45,30,1.5,662475.0,0.5571760163798054,1,0.5571760163798054,C,Y,642.0
MP-URE-0005,N/A,N/A,3,28,269.78,77,118,0.652542372881356,11619424.6,0.55543790074245,1,0.55543790074245,A,Z,3485.0
SB-SEN-0383,N/A,N/A,5,14,85.06,17,15,1.1333333333333333,465703.5,0.5553475744195319,1,0.5553475744195319,C,X,216.0
MP-KCL-0333,N/A,N/A,2,48,272.17,79,102,0.7745098039215687,10132889.1,0.5517607983329538,1,0.5517607983329538,A,Z,5109.0
SB-AGI-0056,N/A,N/A,5,14,63.59,1,1,1.0,23210.350000000002,0.5507564310842109,1,0.5507564310842109,C,X,15.0
MP-MAP-0239,N/A,N/A,3,31,199.58,33,86,0.38372093023255816,6264816.200000001,0.5465018105903008,1,0.5465018105903008,A,Z,2831.0
IP-ADP-0163,N/A,N/A,4,20,170.44,65,68,0.9558823529411765,4230320.8,0.5429780521991806,1,0.5429780521991806,A,Z,1420.0
IP-CAT-0342,N/A,N/A,4,17,165.65,28,43,0.6511627906976745,2599876.75,0.5418004774673394,1,0.5418004774673394,B,Y,776.0
SB-VAL-0090,N/A,N/A,4,25,122.7,1,1,1.0,44785.5,0.5394883459298027,1,0.5394883459298027,C,X,26.0
MP-DAP-0076,N/A,N/A,2,43,278.66,103,157,0.6560509554140127,15968611.3,0.5364438505032825,1,0.5364438505032825,A,Z,7073.0
SB-COR-0142,N/A,N/A,4,30,157.98,93,49,1.8979591836734695,2825472.3,0.5351745396718973,1,0.5351745396718973,B,Y,1488.0
SB-BOM-0237,N/A,N/A,5,19,47.85,35,22,1.5909090909090908,384235.5,0.5349945829170046,1,0.5349945829170046,C,X,423.0
MP-URE-0177,N/A,N/A,3,30,227.05,81,103,0.7864077669902912,8535944.75,0.534545200232423,1,0.534545200232423,A,Z,3242.0
MP-MAP-0280,N/A,N/A,3,25,270.88,90,116,0.7758620689655172,11469059.2,0.5340215703851658,1,0.5340215703851658,A,Z,3049.0
MP-DAP-0074,N/A,N/A,2,45,231.49,42,102,0.4117647058823529,8618372.700000001,0.5338547704717649,1,0.5338547704717649,A,Z,4830.0
SB-MOT-0226,N/A,N/A,5,7,124.76,9,7,1.2857142857142858,318761.8,0.5334151347904144,1,0.5334151347904144,C,X,48.0
SB-MOT-0139,N/A,N/A,5,15,79.88,30,19,1.5789473684210527,553967.7999999999,0.533085729460081,1,0.533085729460081,C,X,285.0
IP-FLX-0261,N/A,N/A,4,21,102.16,37,68,0.5441176470588235,2535611.2,0.5327880274511202,1,0.5327880274511202,B,Z,1520.0
MP-NH3-0371,N/A,N/A,4,9,206.41,64,128,0.5,9643475.2,0.5320415036431471,1,0.5320415036431471,A,Z,1246.0
MP-URE-0042,N/A,N/A,3,34,179.36,83,114,0.7280701754385965,7463169.600000001,0.5316251329918823,1,0.5316251329918823,A,Z,4067.0
SB-MOT-0027,N/A,N/A,5,7,110.73,26,22,1.1818181818181819,889161.9000000001,0.5313357589099821,1,0.5313357589099821,C,X,152.0
SB-VAL-0286,N/A,N/A,4,23,157.48,4,3,1.3333333333333333,172440.59999999998,0.5303120139107305,1,0.5303120139107305,C,X,71.0
IP-ANT-0191,N/A,N/A,4,28,80.0,72,70,1.0285714285714285,2044000.0,0.5294795754171465,1,0.5294795754171465,B,Z,2041.0
MP-MAP-0257,N/A,N/A,4,19,100.0,24,58,0.41379310344827586,2117000.0,0.5285771351079751,1,0.5285771351079751,B,Y,1182.0
MP-MAP-0265,N/A,N/A,3,37,111.6,39,103,0.3786407766990291,4195602.0,0.5284698115666233,1,0.5284698115666233,A,Z,4030.0
MP-DAP-0303,N/A,N/A,2,50,202.04,98,139,0.7050359712230215,10250499.399999999,0.5268310263325456,1,0.5268310263325456,A,Z,7257.0
SB-COR-0151,N/A,N/A,5,16,74.33,53,30,1.7666666666666666,813913.5,0.5247816457903103,1,0.5247816457903103,C,Y,476.0
IP-CAT-0255,N/A,N/A,4,18,210.8,150,99,1.5151515151515151,7617258.0,0.5244900705618172,1,0.5244900705618172,A,Z,1805.0
IP-ADP-0244,N/A,N/A,4,18,123.11,34,51,0.6666666666666666,2291692.65,0.5224286425542402,1,0.5224286425542402,B,Y,973.0
IP-ADP-0058,N/A,N/A,4,18,139.06,39,47,0.8297872340425532,2385574.3000000003,0.5223209215200918,1,0.5223209215200918,B,Y,889.0
SB-COR-0266,N/A,N/A,5,13,57.57,11,8,1.375,168104.4,0.5217369685692409,1,0.5217369685692409,C,X,105.0
MP-URE-0217,N/A,N/A,3,41,100.0,80,106,0.7547169811320755,3869000.0,0.5217186731951651,1,0.5217186731951651,A,Z,4546.0
MP-MAP-0025,N/A,N/A,2,42,242.23,50,106,0.4716981132075472,9371878.7,0.5212686566724023,1,0.5212686566724023,A,Z,4685.0
MP-DAP-0031,N/A,N/A,3,26,224.37,69,108,0.6388888888888888,8844665.4,0.5208205511503459,1,0.5208205511503459,A,Z,2966.0
IP-CAT-0075,N/A,N/A,3,37,142.53,74,87,0.8505747126436781,4526040.149999999,0.5197149614816394,1,0.5197149614816394,A,Z,3363.0
IP-FLX-0127,N/A,N/A,3,38,130.05,68,81,0.8395061728395061,3844928.2500000005,0.5184825079443994,1,0.5184825079443994,A,Z,3216.0
MP-KCL-0035,N/A,N/A,2,41,241.65,30,70,0.42857142857142855,6174157.5,0.5182305057856822,1,0.5182305057856822,A,Z,3025.0
IP-FLX-0013,N/A,N/A,4,5,281.22,91,78,1.1666666666666667,8006333.4,0.51660202663161,1,0.51660202663161,A,Z,371.0
IP-CAT-0339,N/A,N/A,4,18,154.11,46,42,1.0952380952380953,2362506.3000000003,0.5160940185645885,1,0.5160940185645885,B,Y,784.0
MP-NH3-0051,N/A,N/A,2,44,188.17,36,154,0.23376623376623376,10577035.699999997,0.5145073959714805,1,0.5145073959714805,A,Z,7161.0
IP-ANT-0366,N/A,N/A,4,25,96.15,78,65,1.2,2281158.75,0.5137723364092982,1,0.5137723364092982,B,Y,1681.0
IP-FLX-0351,N/A,N/A,4,23,95.97,67,66,1.0151515151515151,2311917.3000000003,0.5136544793373345,1,0.5136544793373345,B,Y,1582.0
MP-URE-0007,N/A,N/A,2,43,234.3,78,116,0.6724137931034483,9920262.0,0.5109301925036549,1,0.5109301925036549,A,Z,5224.0
SB-MOT-0149,N/A,N/A,4,22,97.86,1,1,1.0,35718.9,0.5104505723100631,1,0.5104505723100631,C,X,23.0
IP-ANT-0158,N/A,N/A,3,35,171.29,32,28,1.1428571428571428,1750583.8,0.5094526098488594,1,0.5094526098488594,B,Y,1016.0
IP-CAT-0263,N/A,N/A,4,13,165.47,21,24,0.875,1449517.2000000002,0.5090689145190468,1,0.5090689145190468,B,X,327.0
SB-MOT-0269,N/A,N/A,4,22,132.01,21,15,1.4,722754.7499999999,0.5074329471874295,1,0.5074329471874295,C,X,338.0
MP-NH3-0197,N/A,N/A,1,51,291.33,39,162,0.24074074074074073,17226342.9,0.5069603279486776,1,0.5069603279486776,A,Z,8700.0
IP-FLX-0328,N/A,N/A,3,33,141.38,22,30,0.7333333333333333,1548111.0,0.5051765176617184,1,0.5051765176617184,B,Y,1039.0
SB-VAL-0215,N/A,N/A,4,24,103.82,38,28,1.3571428571428572,1061040.4,0.5043136415884714,1,0.5043136415884714,C,Y,691.0
SB-VAL-0080,N/A,N/A,5,8,96.71,18,11,1.6363636363636365,388290.6499999999,0.5036781659038786,1,0.5036781659038786,C,X,83.0
SB-AGI-0165,N/A,N/A,4,20,115.96,14,12,1.1666666666666667,507904.79999999993,0.5011716344023659,1,0.5011716344023659,C,X,248.0
MP-NH3-0236,N/A,N/A,3,38,121.77,175,163,1.0736196319018405,7244706.149999999,0.5010309452132284,1,0.5010309452132284,A,Z,6433.0
IP-ANT-0235,N/A,N/A,3,31,180.94,93,85,1.0941176470588236,5613663.500000001,0.49714501922756765,1,0.49714501922756765,A,Z,2737.0
SB-VAL-0341,N/A,N/A,5,6,62.49,21,17,1.2352941176470589,387750.45,0.49654619287134355,1,0.49654619287134355,C,X,98.0
SB-BOM-0224,N/A,N/A,4,25,115.88,12,7,1.7142857142857142,296073.39999999997,0.4964768109827017,1,0.4964768109827017,C,X,177.0
MP-AMN-0348,N/A,N/A,3,20,214.32,35,74,0.47297297297297297,5788783.2,0.4938471799761345,1,0.4938471799761345,A,Z,1582.0
IP-FLX-0343,N/A,N/A,3,30,182.58,65,59,1.1016949152542372,3931860.3000000007,0.49255416893950044,1,0.49255416893950044,A,Y,1838.0
IP-FLX-0140,N/A,N/A,3,27,173.77,4,5,0.8,317130.25,0.48897981762190335,1,0.48897981762190335,C,X,142.0
IP-ADP-0011,N/A,N/A,2,45,194.65,20,23,0.8695652173913043,1634086.75,0.48827101743558615,1,0.48827101743558615,B,X,1079.0
MP-MAP-0256,N/A,N/A,3,20,216.16,41,68,0.6029411764705882,5365091.199999999,0.4877305846064298,1,0.4877305846064298,A,Z,1444.0
IP-FLX-0077,N/A,N/A,3,20,270.95,21,18,1.1666666666666667,1780141.5,0.4871744643554774,1,0.4871744643554774,B,X,372.0
SB-VAL-0181,N/A,N/A,4,21,69.33,23,21,1.0952380952380953,531414.4500000001,0.4843044470687715,1,0.4843044470687715,C,X,458.0
IP-CAT-0157,N/A,N/A,3,27,144.99,42,70,0.6,3704494.5000000005,0.48399361034580374,1,0.48399361034580374,A,Z,1998.0
MP-KCL-0311,N/A,N/A,3,24,185.28,104,140,0.7428571428571429,9467808.0,0.48325056938373223,1,0.48325056938373223,A,Z,3539.0
SB-AGI-0400,N/A,N/A,4,14,128.51,26,24,1.0833333333333333,1125747.5999999999,0.4822035667838436,1,0.4822035667838436,B,X,347.0
SB-BOM-0019,N/A,N/A,5,7,63.02,56,35,1.6,805080.5000000001,0.4818961021959222,1,0.4818961021959222,C,Y,227.0
SB-MOT-0037,N/A,N/A,4,18,150.88,44,26,1.6923076923076923,1431851.2,0.4815118272193459,1,0.4815118272193459,B,X,470.0
IP-FLX-0103,N/A,N/A,3,23,185.07,34,49,0.6938775510204082,3309976.95,0.48073915897033415,1,0.48073915897033415,B,Y,1190.0
MP-DAP-0028,N/A,N/A,3,32,100.0,95,140,0.6785714285714286,5110000.0,0.4801377252828594,1,0.4801377252828594,A,Z,4712.0
IP-FLX-0302,N/A,N/A,3,25,185.67,62,68,0.9117647058823529,4608329.399999999,0.4792756522413921,1,0.4792756522413921,A,Z,1778.0
SB-SEN-0345,N/A,N/A,3,35,114.08,18,16,1.125,666227.2,0.4786878738072552,1,0.4786878738072552,C,X,581.0
IP-CAT-0040,N/A,N/A,4,13,173.7,55,36,1.5277777777777777,2282417.9999999995,0.4777864105886827,1,0.4777864105886827,B,Y,467.0
SB-MOT-0277,N/A,N/A,4,19,127.8,39,24,1.625,1119528.0,0.47748605397328936,1,0.47748605397328936,B,X,460.0
SB-SEN-0305,N/A,N/A,4,18,93.82,38,31,1.2258064516129032,1061573.2999999998,0.475468976367478,1,0.475468976367478,C,Y,574.0
IP-CAT-0122,N/A,N/A,3,32,145.55,29,23,1.2608695652173914,1221892.2500000002,0.4734344226584045,1,0.4734344226584045,B,X,761.0
MP-DAP-0376,N/A,N/A,3,22,138.9,50,161,0.3105590062111801,8162458.5,0.4710861145681432,1,0.4710861145681432,A,Z,3804.0
IP-FLX-0148,N/A,N/A,4,11,108.0,70,87,0.8045977011494253,3429540.0,0.4708760914322452,1,0.4708760914322452,B,Z,1006.0
SB-MOT-0032,N/A,N/A,4,27,58.75,34,19,1.7894736842105263,407431.25,0.47081610333346013,1,0.47081610333346013,C,X,520.0
SB-VAL-0367,N/A,N/A,4,5,235.85,17,11,1.5454545454545454,946937.75,0.4706242566475074,1,0.4706242566475074,C,X,48.0
SB-AGI-0105,N/A,N/A,4,18,115.31,43,28,1.5357142857142858,1178468.2,0.47037409333563074,1,0.47037409333563074,B,Y,510.0
IP-CAT-0359,N/A,N/A,3,22,179.89,38,49,0.7755102040816326,3217332.6499999994,0.4682969639574065,1,0.4682969639574065,B,Y,1135.0
SB-AGI-0231,N/A,N/A,4,13,102.0,1,1,1.0,37230.0,0.4669851165009236,1,0.4669851165009236,C,X,13.0
SB-ROL-0218,N/A,N/A,4,14,156.91,50,30,1.6666666666666667,1718164.5,0.4659270022401875,1,0.4659270022401875,B,Y,416.0
IP-FLX-0123,N/A,N/A,4,19,62.26,38,32,1.1875,727196.7999999999,0.4651450213701555,1,0.4651450213701555,C,Y,628.0
MP-AMN-0102,N/A,N/A,2,34,248.68,104,123,0.8455284552845529,11164488.6,0.46363972193476427,1,0.46363972193476427,A,Z,4374.0
SB-SEN-0317,N/A,N/A,4,16,88.95,40,33,1.2121212121212122,1071402.75,0.46334872349799794,1,0.46334872349799794,C,Y,542.0
IP-CAT-0176,N/A,N/A,4,6,149.84,58,63,0.9206349206349206,3445570.8,0.46229654016462374,1,0.46229654016462374,A,Y,384.0
SB-MOT-0189,N/A,N/A,4,18,88.15,32,22,1.4545454545454546,707844.5000000001,0.45976083831605297,1,0.45976083831605297,C,X,403.0
MP-URE-0399,N/A,N/A,3,30,114.94,174,170,1.0235294117647058,7132027.0,0.4593139178649029,1,0.4593139178649029,A,Z,5310.0
MP-KCL-0114,N/A,N/A,2,21,309.81,25,72,0.3472222222222222,8141806.8,0.45882461990978257,1,0.45882461990978257,A,Z,1623.0
IP-ANT-0206,N/A,N/A,3,23,158.46,86,103,0.8349514563106796,5957303.7,0.45822596108508334,1,0.45822596108508334,A,Z,2487.0
SB-AGI-0060,N/A,N/A,4,11,128.82,20,16,1.25,752308.7999999999,0.4579683407889886,1,0.4579683407889886,C,X,178.0
IP-ADP-0087,N/A,N/A,3,21,183.72,72,78,0.9230769230769231,5230508.4,0.45723338358016397,1,0.45723338358016397,A,Z,1713.0
SB-COR-0049,N/A,N/A,4,18,126.99,74,39,1.8974358974358974,1807702.65,0.4569902015216204,1,0.4569902015216204,B,Y,696.0
IP-ANT-0130,N/A,N/A,3,22,196.68,93,78,1.1923076923076923,5599479.6,0.45472391539098933,1,0.45472391539098933,A,Z,1774.0
IP-ANT-0368,N/A,N/A,3,26,113.7,54,72,0.75,2988036.0,0.4533085649864807,1,0.4533085649864807,B,Z,1969.0
SB-MOT-0193,N/A,N/A,4,10,144.31,28,20,1.4,1053463.0,0.4532411790686524,1,0.4532411790686524,C,X,198.0
SB-ROL-0064,N/A,N/A,4,11,103.33,13,12,1.0833333333333333,452585.39999999997,0.45297712962333325,1,0.45297712962333325,C,X,135.0
SB-MOT-0093,N/A,N/A,4,12,117.15,29,22,1.3181818181818181,940714.5,0.4528330766347496,1,0.4528330766347496,C,X,266.0
MP-URE-0167,N/A,N/A,2,25,292.15,101,144,0.7013888888888888,15355403.999999998,0.4499140600838688,1,0.4499140600838688,A,Z,3796.0
IP-FLX-0321,N/A,N/A,3,26,152.38,88,73,1.2054794520547945,4060165.0999999996,0.4497577817312902,1,0.4497577817312902,A,Z,1964.0
MP-NH3-0021,N/A,N/A,2,28,212.59,12,67,0.1791044776119403,5198888.45,0.44970386125423634,1,0.44970386125423634,A,Z,2010.0
SB-VAL-0079,N/A,N/A,4,15,97.71,45,29,1.5517241379310345,1034260.3499999999,0.44447451375982155,1,0.44447451375982155,C,Y,436.0
MP-AMN-0332,N/A,N/A,1,45,258.76,38,75,0.5066666666666667,7083555.0,0.44377486723322,1,0.44377486723322,A,Z,3545.0
SB-VAL-0293,N/A,N/A,4,21,32.12,60,41,1.4634146341463414,480675.8,0.4434373559745893,1,0.4434373559745893,C,Y,879.0
SB-COR-0330,N/A,N/A,4,15,105.63,38,23,1.6521739130434783,886763.85,0.4433527604311856,1,0.4433527604311856,C,X,344.0
SB-AGI-0270,N/A,N/A,4,15,108.27,27,16,1.6875,632296.7999999999,0.4428776381342831,1,0.4428776381342831,C,X,239.0
SB-AGI-0017,N/A,N/A,4,14,136.97,74,39,1.8974358974358974,1949767.9500000002,0.44218904828516137,1,0.44218904828516137,B,Y,532.0
IP-ADP-0111,N/A,N/A,3,22,171.2,85,73,1.1643835616438356,4561623.999999999,0.4421187860118658,1,0.4421187860118658,A,Z,1662.0
IP-FLX-0202,N/A,N/A,2,43,130.62,57,64,0.890625,3051283.2,0.44141518020910614,1,0.44141518020910614,B,Y,2868.0
IP-FLX-0336,N/A,N/A,3,26,103.66,86,97,0.8865979381443299,3670082.3000000003,0.44023575156044276,1,0.44023575156044276,A,Z,2640.0
MP-H2SO4-0150,N/A,N/A,2,17,331.62,60,111,0.5405405405405406,13435584.3,0.43997118636290056,1,0.43997118636290056,A,Z,2016.0
IP-ANT-0372,N/A,N/A,2,45,145.26,122,95,1.2842105263157895,5036890.499999999,0.4380933590043574,1,0.4380933590043574,A,Z,4416.0
SB-VAL-0020,N/A,N/A,3,30,119.21,44,30,1.4666666666666666,1305349.4999999998,0.43734708368608044,1,0.43734708368608044,B,Y,924.0
IP-ADP-0290,N/A,N/A,3,10,196.38,29,66,0.4393939393939394,4730794.2,0.43488904057656946,1,0.43488904057656946,A,Y,717.0
IP-ADP-0180,N/A,N/A,3,24,114.62,56,61,0.9180327868852459,2552014.3000000003,0.4344215447072363,1,0.4344215447072363,B,Y,1531.0
IP-ADP-0288,N/A,N/A,3,23,100.5,53,76,0.6973684210526315,2787870.0,0.43362016595256153,1,0.43362016595256153,B,Z,1845.0
IP-ADP-0279,N/A,N/A,2,37,188.56,71,65,1.0923076923076922,4473586.0,0.4319811758425368,1,0.4319811758425368,A,Y,2497.0
IP-ADP-0185,N/A,N/A,3,28,85.92,57,54,1.0555555555555556,1693483.2,0.43128262542718565,1,0.43128262542718565,B,Y,1573.0
SB-ROL-0210,N/A,N/A,3,29,119.28,9,6,1.5,261223.19999999998,0.43047057932416055,1,0.43047057932416055,C,X,178.0
IP-CAT-0284,N/A,N/A,3,26,74.69,18,23,0.782608695652174,627022.5499999999,0.4298713927299088,1,0.4298713927299088,C,X,628.0
SB-AGI-0369,N/A,N/A,4,5,114.14,34,30,1.1333333333333333,1249833.0,0.42572114421869367,1,0.42572114421869367,B,Y,144.0
SB-AGI-0313,N/A,N/A,4,10,91.43,37,27,1.3703703703703705,901042.6500000001,0.4255256505225949,1,0.4255256505225949,C,X,268.0
SB-VAL-0298,N/A,N/A,4,20,30.59,27,16,1.6875,178645.6,0.42519729680939666,1,0.42519729680939666,C,X,323.0
IP-FLX-0071,N/A,N/A,3,19,167.18,14,12,1.1666666666666667,732248.4,0.4245084961639999,1,0.4245084961639999,C,X,236.0
MP-KCL-0329,N/A,N/A,1,46,193.1,31,94,0.32978723404255317,6625261.0,0.4221392243966757,1,0.4221392243966757,A,Z,4556.0
SB-SEN-0107,N/A,N/A,4,6,79.33,1,1,1.0,28955.45,0.4188124771346676,1,0.4188124771346676,C,X,6.0
SB-BOM-0001,N/A,N/A,4,14,60.06,45,29,1.5517241379310345,635735.1000000001,0.4184980553205845,1,0.4184980553205845,C,Y,406.0
SB-ROL-0283,N/A,N/A,3,22,144.48,16,12,1.3333333333333333,632822.3999999999,0.41801366217737246,1,0.41801366217737246,C,X,271.0
SB-COR-0120,N/A,N/A,3,27,91.04,44,35,1.2571428571428571,1163036.0000000002,0.4179681525933832,1,0.4179681525933832,B,Y,976.0
SB-MOT-0179,N/A,N/A,3,28,130.58,44,25,1.76,1191542.5,0.41737743330365096,1,0.41737743330365096,B,X,711.0
SB-VAL-0132,N/A,N/A,4,9,97.4,36,24,1.5,853224.0,0.4166346103285588,1,0.4166346103285588,C,X,210.0
SB-BOM-0392,N/A,N/A,3,33,82.32,80,45,1.7777777777777777,1352106.0,0.41504571660022577,1,0.41504571660022577,B,Y,1512.0
SB-MOT-0220,N/A,N/A,3,24,82.3,1,1,1.0,30039.5,0.4119859323813903,1,0.4119859323813903,C,X,25.0
IP-ANT-0362,N/A,N/A,3,18,153.18,42,36,1.1666666666666667,2012785.2000000002,0.4116552516636691,1,0.4116552516636691,B,Y,669.0
MP-NH3-0325,N/A,N/A,2,32,151.37,92,141,0.6524822695035462,7790257.050000001,0.41007533201532353,1,0.41007533201532353,A,Z,4749.0
SB-VAL-0249,N/A,N/A,4,12,83.68,37,21,1.7619047619047619,641407.2000000001,0.40989242455250074,1,0.40989242455250074,C,X,245.0
SB-BOM-0307,N/A,N/A,4,14,22.99,59,44,1.3409090909090908,369219.3999999999,0.4095057281132233,1,0.4095057281132233,C,Y,625.0
SB-ROL-0365,N/A,N/A,4,11,83.97,75,44,1.7045454545454546,1348558.2,0.4081186580144024,1,0.4081186580144024,B,Y,469.0
MP-H2SO4-0388,N/A,N/A,2,11,339.81,77,111,0.6936936936936937,13767402.149999999,0.4055964136618568,1,0.4055964136618568,A,Z,1296.0
IP-ANT-0334,N/A,N/A,3,22,86.77,77,78,0.9871794871794872,2470341.9,0.40500088886775654,1,0.40500088886775654,B,Z,1790.0
IP-CAT-0198,N/A,N/A,3,20,133.4,97,76,1.2763157894736843,3700516.0,0.40482725013700216,1,0.40482725013700216,A,Z,1563.0
SB-BOM-0212,N/A,N/A,4,7,84.44,61,43,1.4186046511627908,1325285.8,0.40374378097930963,1,0.40374378097930963,B,Y,287.0
IP-ADP-0299,N/A,N/A,2,45,50.0,33,34,0.9705882352941176,620500.0,0.40245779328355635,1,0.40245779328355635,C,Y,1591.0
IP-ADP-0023,N/A,N/A,3,13,172.89,79,72,1.0972222222222223,4543549.2,0.40098221156401026,1,0.40098221156401026,A,Z,964.0
SB-COR-0047,N/A,N/A,3,22,99.34,18,15,1.2,543886.5,0.40028820704780577,1,0.40028820704780577,C,X,341.0
SB-BOM-0078,N/A,N/A,3,22,89.98,10,9,1.1111111111111112,295584.30000000005,0.3999760136633303,1,0.3999760136633303,C,X,205.0
SB-MOT-0285,N/A,N/A,3,24,114.3,67,42,1.5952380952380953,1752219.0,0.3970531956942305,1,0.3970531956942305,B,Y,1026.0
MP-H2SO4-0192,N/A,N/A,1,53,100.0,53,101,0.5247524752475248,3686500.0,0.39536482062169515,1,0.39536482062169515,A,Z,5603.0
SB-AGI-0211,N/A,N/A,3,20,123.24,22,16,1.375,719721.6,0.3937699969153266,1,0.3937699969153266,C,X,328.0
IP-CAT-0145,N/A,N/A,3,11,162.39,75,80,0.9375,4741788.0,0.3937579762221666,1,0.3937579762221666,A,Z,914.0
SB-COR-0106,N/A,N/A,4,9,76.09,70,41,1.7073170731707317,1138686.85,0.3934243996426975,1,0.3934243996426975,B,Y,350.0
MP-URE-0296,N/A,N/A,1,37,230.84,28,69,0.4057971014492754,5813705.4,0.3931438531674526,1,0.3931438531674526,A,Z,2698.0
SB-BOM-0030,N/A,N/A,4,9,49.25,46,31,1.4838709677419355,557263.75,0.39080229832118846,1,0.39080229832118846,C,Y,271.0
SB-AGI-0172,N/A,N/A,3,22,111.23,9,6,1.5,243593.7,0.3904104722110465,1,0.3904104722110465,C,X,135.0
SB-COR-0048,N/A,N/A,4,5,120.9,82,44,1.8636363636363635,1941654.0,0.38936541356088616,1,0.38936541356088616,B,Y,179.0
IP-CAT-0246,N/A,N/A,2,31,173.66,40,34,1.1764705882352942,2155120.6,0.38858273836038,1,0.38858273836038,B,Y,1092.0
IP-ANT-0223,N/A,N/A,3,21,50.0,33,39,0.8461538461538461,711750.0,0.3872575868410931,1,0.3872575868410931,C,Y,860.0
MP-NH3-0320,N/A,N/A,1,45,136.73,54,162,0.3333333333333333,8084844.899999999,0.3855804285625915,1,0.3855804285625915,A,Z,7684.0
IP-FLX-0073,N/A,N/A,3,9,130.63,45,76,0.5921052631578947,3623676.1999999997,0.3849334898999996,1,0.3849334898999996,A,Z,733.0
SB-ROL-0337,N/A,N/A,3,20,111.23,53,37,1.4324324324324325,1502161.1500000001,0.38395165857662855,1,0.38395165857662855,B,Y,755.0
SB-VAL-0131,N/A,N/A,3,19,138.89,13,8,1.625,405558.8,0.3836398147590175,1,0.3836398147590175,C,X,153.0
SB-ROL-0326,N/A,N/A,4,10,45.26,10,6,1.6666666666666667,99119.4,0.38363424175682886,1,0.38363424175682886,C,X,58.0
SB-COR-0373,N/A,N/A,3,15,167.04,28,18,1.5555555555555556,1097452.8,0.3827348153753209,1,0.3827348153753209,B,X,271.0
SB-SEN-0300,N/A,N/A,3,27,29.57,17,13,1.3076923076923077,140309.65,0.38108281782493253,1,0.38108281782493253,C,X,362.0
SB-MOT-0357,N/A,N/A,4,5,58.53,18,13,1.3846153846153846,277724.85000000003,0.3810636415162737,1,0.3810636415162737,C,X,59.0
IP-ADP-0044,N/A,N/A,2,33,162.32,150,107,1.4018691588785046,6339407.6,0.3800812998156314,1,0.3800812998156314,A,Z,3635.0
SB-COR-0358,N/A,N/A,4,8,26.29,57,42,1.3571428571428572,403025.7,0.3799368731616817,1,0.3799368731616817,C,Y,328.0
SB-VAL-0335,N/A,N/A,3,19,115.93,28,19,1.4736842105263157,803974.55,0.37920944231681164,1,0.37920944231681164,C,X,367.0
SB-AGI-0184,N/A,N/A,3,22,87.01,54,37,1.4594594594594594,1175070.05,0.3791973761295692,1,0.3791973761295692,B,Y,832.0
SB-ROL-0209,N/A,N/A,3,20,111.21,35,23,1.5217391304347827,933607.9499999998,0.3790360125523076,1,0.3790360125523076,C,X,467.0
SB-MOT-0390,N/A,N/A,3,18,142.53,50,30,1.6666666666666667,1560703.5,0.3782866273019663,1,0.3782866273019663,B,Y,543.0
SB-COR-0377,N/A,N/A,3,16,120.73,41,31,1.3225806451612903,1366059.9500000002,0.3749170008670771,1,0.3749170008670771,B,Y,506.0
SB-AGI-0134,N/A,N/A,3,14,167.28,48,29,1.6551724137931034,1770658.7999999998,0.3723124819898664,1,0.3723124819898664,B,Y,403.0
SB-AGI-0034,N/A,N/A,3,14,101.82,1,1,1.0,37164.299999999996,0.37196998156558037,1,0.37196998156558037,C,X,15.0
IP-ANT-0136,N/A,N/A,3,11,119.38,55,59,0.9322033898305084,2570848.3,0.3701829177256146,1,0.3701829177256146,B,Y,675.0
MP-AMN-0182,N/A,N/A,1,34,263.18,138,158,0.8734177215189873,15177590.6,0.37015404341840474,1,0.37015404341840474,A,Z,5614.0
SB-COR-0391,N/A,N/A,3,23,76.86,62,38,1.631578947368421,1066048.2,0.36919749662726115,1,0.36919749662726115,C,Y,887.0
SB-AGI-0061,N/A,N/A,3,16,104.74,4,3,1.3333333333333333,114690.29999999999,0.3654537490416029,1,0.3654537490416029,C,X,49.0
SB-MOT-0219,N/A,N/A,3,12,160.93,17,11,1.5454545454545454,646133.9500000001,0.36464491088488954,1,0.36464491088488954,C,X,131.0
IP-FLX-0067,N/A,N/A,3,12,98.18,11,12,0.9166666666666666,430028.4,0.3643571831006162,1,0.3643571831006162,C,X,150.0
SB-ROL-0113,N/A,N/A,3,24,33.96,82,55,1.490909090909091,681747.0,0.3582026544760005,1,0.3582026544760005,C,Y,1349.0
SB-COR-0016,N/A,N/A,3,13,146.93,60,37,1.6216216216216217,1984289.6500000001,0.35777821192375775,1,0.35777821192375775,B,Y,476.0
SB-SEN-0322,N/A,N/A,2,36,74.67,62,51,1.2156862745098038,1389982.05,0.3569239838267198,1,0.3569239838267198,B,Y,1900.0
SB-SEN-0156,N/A,N/A,3,17,99.49,17,11,1.5454545454545454,399452.35,0.35597602809564105,1,0.35597602809564105,C,X,189.0
MP-KCL-0386,N/A,N/A,2,19,182.78,105,139,0.7553956834532374,9273343.299999999,0.35575101666918496,1,0.35575101666918496,A,Z,2786.0
SB-BOM-0159,N/A,N/A,3,20,69.14,45,29,1.5517241379310345,731846.8999999999,0.3540449562209685,1,0.3540449562209685,C,Y,588.0
SB-MOT-0364,N/A,N/A,3,20,95.82,33,18,1.8333333333333333,629537.3999999999,0.3533840722176105,1,0.3533840722176105,C,X,360.0
SB-AGI-0160,N/A,N/A,3,3,205.16,11,8,1.375,599067.2,0.3527861344196353,1,0.3527861344196353,C,X,19.0
SB-MOT-0104,N/A,N/A,3,17,35.55,6,6,1.0,77854.49999999999,0.35045147518642966,1,0.35045147518642966,C,X,106.0
MP-DAP-0126,N/A,N/A,1,36,166.14,41,91,0.45054945054945056,5518340.1,0.34969983440642816,1,0.34969983440642816,A,Z,3460.0
IP-ADP-0137,N/A,N/A,2,26,114.31,56,65,0.8615384615384616,2712004.75,0.34752157668656614,1,0.34752157668656614,B,Y,1771.0
SB-MOT-0147,N/A,N/A,3,18,89.49,45,26,1.7307692307692308,849260.1,0.3453347282246219,1,0.3453347282246219,C,X,469.0
SB-AGI-0109,N/A,N/A,3,19,42.77,34,25,1.36,390276.25,0.34485680068611824,1,0.34485680068611824,C,X,486.0
SB-ROL-0052,N/A,N/A,3,7,160.48,52,36,1.4444444444444444,2108707.1999999997,0.34451875636527174,1,0.34451875636527174,B,Y,239.0
IP-FLX-0216,N/A,N/A,3,12,82.74,112,99,1.1313131313131313,2989809.9,0.34400167719551283,1,0.34400167719551283,B,Z,1217.0
IP-CAT-0308,N/A,N/A,3,8,122.22,43,37,1.162162162162162,1650581.1,0.3438756924971402,1,0.3438756924971402,B,Y,296.0
MP-MAP-0155,N/A,N/A,1,37,170.02,76,108,0.7037037037037037,6702188.4,0.3430348305301297,1,0.3430348305301297,A,Z,4191.0
SB-AGI-0057,N/A,N/A,3,22,37.92,33,20,1.65,276816.0,0.3414935785462391,1,0.3414935785462391,C,X,446.0
SB-COR-0141,N/A,N/A,2,24,166.15,80,61,1.3114754098360655,3699329.75,0.3414080741223726,1,0.3414080741223726,A,Y,1507.0
IP-CAT-0310,N/A,N/A,2,17,187.52,40,43,0.9302325581395349,2943126.4,0.33861001964283355,1,0.33861001964283355,B,Y,764.0
SB-ROL-0097,N/A,N/A,3,16,93.78,36,21,1.7142857142857142,718823.7,0.3384509689681963,1,0.3384509689681963,C,X,335.0
SB-MOT-0178,N/A,N/A,3,16,95.44,21,12,1.75,418027.19999999995,0.3374107326475538,1,0.3374107326475538,C,X,191.0
MP-MAP-0352,N/A,N/A,2,24,135.64,194,178,1.0898876404494382,8812530.799999999,0.33664746018638053,1,0.33664746018638053,A,Z,4438.0
IP-FLX-0252,N/A,N/A,2,25,109.66,94,97,0.9690721649484536,3882512.3000000003,0.3339510401078657,1,0.3339510401078657,A,Z,2531.0
MP-H2SO4-0129,N/A,N/A,1,33,189.12,101,136,0.7426470588235294,9387916.8,0.33115560687516044,1,0.33115560687516044,A,Z,4709.0
SB-BOM-0258,N/A,N/A,3,9,72.03,2,2,1.0,52581.9,0.33001599722390185,1,0.33001599722390185,C,X,18.0
IP-FLX-0045,N/A,N/A,2,20,140.91,86,96,0.8958333333333334,4937486.4,0.32988984281811823,1,0.32988984281811823,A,Z,2011.0
SB-BOM-0262,N/A,N/A,3,12,43.48,1,1,1.0,15870.199999999999,0.3294280460149645,1,0.3294280460149645,C,X,12.0
SB-SEN-0278,N/A,N/A,3,12,66.69,10,8,1.25,194734.8,0.32857759893968147,1,0.32857759893968147,C,X,97.0
IP-ADP-0171,N/A,N/A,2,27,86.17,69,67,1.0298507462686568,2107287.35,0.3277482604154155,1,0.3277482604154155,B,Z,1884.0
SB-MOT-0338,N/A,N/A,3,7,105.57,42,34,1.2352941176470589,1310123.7,0.32553571903524287,1,0.32553571903524287,B,Y,233.0
SB-ROL-0378,N/A,N/A,3,19,10.0,35,25,1.4,91250.0,0.3244762434009447,1,0.3244762434009447,C,X,485.0
IP-CAT-0355,N/A,N/A,1,29,230.33,58,63,0.9206349206349206,5296438.350000001,0.3239090115206358,1,0.3239090115206358,A,Y,1909.0
SB-VAL-0356,N/A,N/A,3,11,109.79,69,41,1.6829268292682926,1643007.3500000003,0.3236332416294182,1,0.3236332416294182,B,Y,438.0
IP-ADP-0110,N/A,N/A,1,30,210.29,33,40,0.825,3070233.9999999995,0.32312578794021285,1,0.32312578794021285,B,Y,1257.0
SB-AGI-0243,N/A,N/A,3,7,114.47,29,21,1.380952380952381,877412.55,0.3224749993814182,1,0.3224749993814182,C,X,141.0
MP-AMN-0361,N/A,N/A,1,28,222.5,81,102,0.7941176470588235,8283675.0,0.3214275351708865,1,0.3214275351708865,A,Z,2998.0
SB-ROL-0254,N/A,N/A,3,12,89.99,54,33,1.6363636363636365,1083929.55,0.3202882695606689,1,0.3202882695606689,B,Y,389.0
SB-BOM-0099,N/A,N/A,2,23,149.55,45,31,1.4516129032258065,1692158.2500000002,0.3194160329712628,1,0.3194160329712628,B,Y,729.0
SB-AGI-0199,N/A,N/A,3,7,105.7,27,20,1.35,771610.0,0.31930843368704187,1,0.31930843368704187,C,X,135.0
SB-SEN-0340,N/A,N/A,3,16,55.19,36,20,1.8,402887.0,0.31233039713755506,1,0.31233039713755506,C,X,317.0
SB-SEN-0190,N/A,N/A,3,10,86.65,25,16,1.5625,506036.00000000006,0.3123218817971329,1,0.3123218817971329,C,X,156.0
SB-ROL-0144,N/A,N/A,3,5,138.89,38,23,1.6521739130434783,1165981.55,0.3109610362335817,1,0.3109610362335817,B,X,98.0
SB-ROL-0121,N/A,N/A,3,7,81.17,9,7,1.2857142857142858,207389.35,0.3092273590780707,1,0.3092273590780707,C,X,48.0
IP-ANT-0070,N/A,N/A,1,29,177.7,32,46,0.6956521739130435,2983582.9999999995,0.30706061505581383,1,0.30706061505581383,B,Y,1404.0
SB-MOT-0095,N/A,N/A,2,30,80.76,33,20,1.65,589548.0,0.305943150785048,1,0.305943150785048,C,X,612.0
SB-BOM-0125,N/A,N/A,3,6,82.82,28,22,1.2727272727272727,665044.6,0.3057714075858884,1,0.3057714075858884,C,X,126.0
SB-ROL-0248,N/A,N/A,3,8,90.27,94,60,1.5666666666666667,1976912.9999999998,0.30393227695153857,1,0.30393227695153857,B,Y,456.0
SB-ROL-0082,N/A,N/A,3,4,128.32,73,45,1.6222222222222222,2107656.0,0.3016559618625119,1,0.3016559618625119,B,Y,144.0
SB-ROL-0374,N/A,N/A,3,4,106.84,41,29,1.4137931034482758,1130901.4,0.3011833824065057,1,0.3011833824065057,B,Y,99.0
SB-MOT-0166,N/A,N/A,3,8,68.03,21,15,1.4,372464.25,0.30074446727854476,1,0.30074446727854476,C,X,117.0
SB-AGI-0033,N/A,N/A,3,14,67.26,26,13,2.0,319148.7,0.2978748547521158,1,0.2978748547521158,C,X,176.0
IP-CAT-0196,N/A,N/A,2,15,221.47,188,101,1.8613861386138615,8164491.550000001,0.2961420146940212,1,0.2961420146940212,A,Z,1488.0
SB-BOM-0170,N/A,N/A,2,23,116.81,21,13,1.6153846153846154,554263.4500000001,0.29225482352267207,1,0.29225482352267207,C,X,304.0
IP-ADP-0282,N/A,N/A,2,19,83.62,76,82,0.926829268292683,2502746.6,0.29131305466317786,1,0.29131305466317786,B,Z,1629.0
SB-VAL-0096,N/A,N/A,2,11,196.98,4,3,1.3333333333333333,215693.09999999998,0.291213329053613,1,0.291213329053613,C,X,33.0
SB-VAL-0292,N/A,N/A,3,10,59.61,56,33,1.696969696969697,718002.4500000001,0.2899327701511645,1,0.2899327701511645,C,Y,317.0
SB-COR-0264,N/A,N/A,3,11,38.55,47,29,1.6206896551724137,408051.74999999994,0.2875206240778377,1,0.2875206240778377,C,Y,312.0
SB-COR-0072,N/A,N/A,2,22,54.3,1,1,1.0,19819.5,0.2862794433807287,1,0.2862794433807287,C,X,23.0
SB-VAL-0004,N/A,N/A,3,12,55.44,88,46,1.9130434782608696,930837.6,0.28592201183297683,1,0.28592201183297683,C,Y,530.0
IP-CAT-0162,N/A,N/A,2,8,198.31,32,27,1.1851851851851851,1954345.0499999998,0.28483310400286754,1,0.28483310400286754,B,X,216.0
SB-SEN-0273,N/A,N/A,3,13,12.24,91,57,1.5964912280701755,254653.2,0.2844198169171993,1,0.2844198169171993,C,Y,735.0
SB-VAL-0229,N/A,N/A,2,21,89.25,55,40,1.375,1303050.0,0.27999393752863355,1,0.27999393752863355,B,Y,861.0
SB-BOM-0275,N/A,N/A,2,25,93.02,107,58,1.8448275862068966,1969233.3999999997,0.2766228595274749,1,0.2766228595274749,B,Y,1463.0
SB-MOT-0115,N/A,N/A,3,3,113.47,101,54,1.8703703703703705,2236493.7,0.2747032503742493,1,0.2747032503742493,B,Y,100.0
IP-ANT-0227,N/A,N/A,2,14,122.5,35,30,1.1666666666666667,1341375.0,0.27429215852209665,1,0.27429215852209665,B,Y,431.0
SB-AGI-0068,N/A,N/A,2,20,56.56,27,25,1.08,516110.00000000006,0.27297056688571264,1,0.27297056688571264,C,X,519.0
SB-SEN-0015,N/A,N/A,2,14,140.77,64,46,1.391304347826087,2363528.3000000003,0.2720933898356065,1,0.2720933898356065,B,Y,651.0
IP-ANT-0168,N/A,N/A,2,13,103.68,54,57,0.9473684210526315,2157062.4000000004,0.270807759127695,1,0.270807759127695,B,Y,772.0
SB-VAL-0014,N/A,N/A,3,5,39.11,30,20,1.5,285503.0,0.2639509278908678,1,0.2639509278908678,C,X,88.0
SB-AGI-0041,N/A,N/A,2,17,59.21,6,6,1.0,129669.90000000001,0.2635802380530057,1,0.2635802380530057,C,X,106.0
SB-MOT-0251,N/A,N/A,2,17,93.64,15,11,1.3636363636363635,375964.6,0.2627150022791931,1,0.2627150022791931,C,X,191.0
SB-BOM-0242,N/A,N/A,3,3,90.69,29,15,1.9333333333333333,496527.75,0.2586049910782499,1,0.2586049910782499,C,X,27.0
SB-COR-0175,N/A,N/A,2,14,125.65,74,49,1.510204081632653,2247250.25,0.25717367171943706,1,0.25717367171943706,B,Y,688.0
SB-BOM-0318,N/A,N/A,2,23,65.98,46,26,1.7692307692307692,626150.2000000001,0.2556006960563863,1,0.2556006960563863,C,X,603.0
SB-ROL-0304,N/A,N/A,2,17,75.56,31,23,1.3478260869565217,634326.2000000001,0.25355081034539845,1,0.25355081034539845,C,X,399.0
SB-SEN-0022,N/A,N/A,2,10,102.82,1,1,1.0,37529.299999999996,0.2521858912817057,1,0.2521858912817057,C,X,10.0
SB-BOM-0213,N/A,N/A,2,8,118.64,1,1,1.0,43303.6,0.25079480332979137,1,0.25079480332979137,C,X,8.0
IP-FLX-0316,N/A,N/A,1,24,142.5,32,34,0.9411764705882353,1768425.0,0.2486209494700274,1,0.2486209494700274,B,Y,853.0
SB-SEN-0370,N/A,N/A,2,13,138.82,24,14,1.7142857142857142,709370.2,0.24818910190451487,1,0.24818910190451487,C,X,179.0
SB-ROL-0100,N/A,N/A,3,3,46.18,46,27,1.7037037037037037,455103.9,0.24651752154913167,1,0.24651752154913167,C,X,54.0
IP-FLX-0268,N/A,N/A,2,15,81.12,95,70,1.3571428571428572,2072616.0000000002,0.24595486391378235,1,0.24595486391378235,B,Z,1067.0
SB-VAL-0225,N/A,N/A,2,21,40.98,26,17,1.5294117647058822,254280.9,0.2447292733100589,1,0.2447292733100589,C,X,363.0
IP-FLX-0287,N/A,N/A,1,28,98.74,31,32,0.96875,1153283.2,0.24316354104586047,1,0.24316354104586047,B,Y,935.0
SB-ROL-0395,N/A,N/A,2,14,74.16,5,4,1.25,108273.59999999999,0.24289213943439186,1,0.24289213943439186,C,X,57.0
SB-VAL-0247,N/A,N/A,2,22,10.0,31,23,1.3478260869565217,83950.0,0.24259576935622215,1,0.24259576935622215,C,X,520.0
SB-SEN-0063,N/A,N/A,2,16,77.4,9,6,1.5,169506.00000000003,0.2411299753280861,1,0.2411299753280861,C,X,97.0
SB-VAL-0128,N/A,N/A,3,2,23.86,73,49,1.489795918367347,426736.1,0.24079496399605937,1,0.24079496399605937,C,Y,54.0
SB-COR-0081,N/A,N/A,2,23,10.0,41,27,1.5185185185185186,98550.0,0.2383064225659391,1,0.2383064225659391,C,X,633.0
IP-CAT-0382,N/A,N/A,1,21,159.41,79,74,1.0675675675675675,4305664.100000001,0.2358087984635202,1,0.2358087984635202,A,Z,1615.0
SB-AGI-0397,N/A,N/A,1,26,115.0,23,21,1.0952380952380953,881475.0,0.2350701285499778,1,0.2350701285499778,C,X,567.0
SB-ROL-0112,N/A,N/A,2,18,43.42,18,12,1.5,190179.6,0.23244421063177473,1,0.23244421063177473,C,X,219.0
SB-AGI-0133,N/A,N/A,2,11,85.48,85,66,1.2878787878787878,2059213.2,0.23183905975373348,1,0.23183905975373348,B,Y,731.0
SB-COR-0203,N/A,N/A,2,2,157.55,25,20,1.25,1150115.0000000002,0.22814769811970986,1,0.22814769811970986,B,X,27.0
SB-AGI-0146,N/A,N/A,2,22,11.61,33,20,1.65,84753.0,0.22689434984718518,1,0.22689434984718518,C,X,446.0
SB-ROL-0091,N/A,N/A,2,13,92.39,33,20,1.65,674447.0,0.2259558756988398,1,0.2259558756988398,C,X,257.0
SB-BOM-0085,N/A,N/A,2,8,105.39,50,37,1.3513513513513513,1423291.95,0.22414694913417207,1,0.22414694913417207,B,Y,289.0
SB-ROL-0297,N/A,N/A,2,5,108.65,28,25,1.12,991431.25,0.22340702336517146,1,0.22340702336517146,C,X,120.0
MP-KCL-0389,N/A,N/A,1,19,153.67,105,99,1.0606060606060606,5552865.449999999,0.2228365347232309,1,0.2228365347232309,A,Z,1954.0
SB-SEN-0324,N/A,N/A,2,12,68.93,38,26,1.4615384615384615,654145.7000000001,0.21820328257124405,1,0.21820328257124405,C,X,311.0
SB-AGI-0221,N/A,N/A,2,7,109.39,50,34,1.4705882352941178,1357529.9,0.21473351933757645,1,0.21473351933757645,B,Y,225.0
SB-VAL-0245,N/A,N/A,2,15,41.99,52,33,1.5757575757575757,505769.55,0.21223601965755856,1,0.21223601965755856,C,Y,496.0
IP-CAT-0393,N/A,N/A,1,26,50.0,57,60,0.95,1095000.0,0.2069782891729374,1,0.2069782891729374,B,Y,1629.0
IP-CAT-0384,N/A,N/A,1,17,155.04,116,98,1.183673469387755,5545780.8,0.20666862629808974,1,0.20666862629808974,A,Z,1717.0
SB-ROL-0069,N/A,N/A,2,10,67.09,55,35,1.5714285714285714,857074.7500000001,0.20097783969669092,1,0.20097783969669092,C,Y,341.0
SB-MOT-0092,N/A,N/A,2,5,98.23,3,2,1.5,71707.90000000001,0.1967561882742987,1,0.1967561882742987,C,X,9.0
SB-COR-0272,N/A,N/A,1,21,82.09,5,5,1.0,149814.25,0.1966151676121904,1,0.1966151676121904,C,X,109.0
IP-FLX-0363,N/A,N/A,1,8,198.39,49,49,1.0,3548205.1499999994,0.1950475014958708,1,0.1950475014958708,A,Y,400.0
SB-ROL-0143,N/A,N/A,1,29,75.24,12,7,1.7142857142857142,192238.19999999998,0.19426495198377516,1,0.19426495198377516,C,X,207.0
SB-SEN-0088,N/A,N/A,2,8,65.05,83,53,1.5660377358490567,1258392.25,0.1899724210117472,1,0.1899724210117472,B,Y,403.0
SB-MOT-0098,N/A,N/A,1,23,73.5,40,31,1.2903225806451613,831652.5,0.18607418526667382,1,0.18607418526667382,C,Y,734.0
SB-MOT-0281,N/A,N/A,2,8,39.46,47,31,1.5161290322580645,446489.89999999997,0.17851360292507473,1,0.17851360292507473,C,Y,237.0
SB-COR-0043,N/A,N/A,1,14,136.14,62,49,1.2653061224489797,2434863.9,0.1764438109968718,1,0.1764438109968718,B,Y,700.0
IP-CAT-0010,N/A,N/A,1,17,61.81,53,62,0.8548387096774194,1398760.3,0.17299493174845698,1,0.17299493174845698,B,Y,1106.0
SB-ROL-0387,N/A,N/A,2,8,61.19,59,31,1.903225806451613,692364.85,0.16931282941453446,1,0.16931282941453446,C,Y,225.0
SB-COR-0062,N/A,N/A,1,15,124.33,37,27,1.3703703703703705,1225272.15,0.16920535136955875,1,0.16920535136955875,B,X,411.0
SB-AGI-0009,N/A,N/A,2,8,46.05,64,36,1.7777777777777777,605097.0,0.16780111187432636,1,0.16780111187432636,C,Y,266.0
SB-AGI-0195,N/A,N/A,1,18,80.74,20,16,1.25,471521.6,0.16688231689192023,1,0.16688231689192023,C,X,296.0
SB-AGI-0301,N/A,N/A,2,8,28.18,30,18,1.6666666666666667,185142.6,0.16398718177150998,1,0.16398718177150998,C,X,135.0
SB-AGI-0232,N/A,N/A,2,5,35.9,25,17,1.4705882352941178,222759.5,0.16378495836732293,1,0.16378495836732293,C,X,76.0
SB-ROL-0124,N/A,N/A,1,19,85.44,55,38,1.4473684210526316,1185052.8,0.16373597324094002,1,0.16373597324094002,B,Y,735.0
SB-VAL-0188,N/A,N/A,1,11,130.94,43,28,1.5357142857142858,1338206.8,0.14345384694443225,1,0.14345384694443225,B,Y,303.0
SB-VAL-0024,N/A,N/A,1,14,87.46,32,23,1.391304347826087,734226.7,0.14251205642828743,1,0.14251205642828743,C,X,325.0
IP-ANT-0314,N/A,N/A,1,6,135.68,117,101,1.1584158415841583,5001843.2,0.14138079817150306,1,0.14138079817150306,A,Z,591.0
SB-COR-0065,N/A,N/A,1,10,101.28,60,42,1.4285714285714286,1552622.4,0.12779505665475965,1,0.12779505665475965,B,Y,415.0
SB-SEN-0002,N/A,N/A,1,13,94.64,48,28,1.7142857142857142,967220.7999999999,0.12367393945965734,1,0.12367393945965734,C,Y,358.0
SB-MOT-0169,N/A,N/A,1,11,110.38,65,38,1.7105263157894737,1530970.5999999999,0.1224449188562607,1,0.1224449188562607,B,Y,405.0
SB-SEN-0026,N/A,N/A,1,9,76.25,13,9,1.4444444444444444,250481.25,0.10794963012857801,1,0.10794963012857801,C,X,79.0
SB-BOM-0346,N/A,N/A,1,16,31.85,19,11,1.7272727272727273,127877.75,0.10337323870454741,1,0.10337323870454741,C,X,175.0
SB-AGI-0347,N/A,N/A,1,2,10.0,19,11,1.7272727272727273,40150.0,0.020062391068226017,1,0.020062391068226017,C,X,9.0
SB-AGI-0183,N/A,N/A,5,1,92.48,33,26,1.2692307692307692,877635.2000000001,0.48589996399494667,0,0.0,C,X,4.0
SB-ROL-0187,N/A,N/A,5,1,41.96,34,24,1.4166666666666667,367569.6,0.44976989195813316,0,0.0,C,X,0.0
SB-MOT-0250,N/A,N/A,4,1,72.28,1,1,1.0,26382.2,0.3894767543139502,0,0.0,C,X,0.0
SB-BOM-0327,N/A,N/A,4,1,89.46,62,40,1.55,1306116.0,0.36880489401775574,0,0.0,B,Y,0.0
SB-ROL-0312,N/A,N/A,3,1,60.0,19,11,1.7272727272727273,240900.0,0.2427222836541533,0,0.0,C,X,0.0
SB-ROL-0253,N/A,N/A,2,1,174.14,15,11,1.3636363636363635,699172.1,0.22602793781711225,0,0.0,C,X,1.0
SB-VAL-0201,N/A,N/A,2,1,161.6,60,41,1.4634146341463414,2418344.0,0.21358995618798787,0,0.0,B,Y,0.0
SB-SEN-0276,N/A,N/A,2,1,77.23,60,36,1.6666666666666667,1014802.2000000001,0.15561145165254192,0,0.0,C,Y,0.0
